Ano;Cliente;OS
2024;3C SERVICE;4
2024;3S SERVICE;6
2024;ADIESEL;1
2024;ADILSON;2
2024;AELTON;3
2024;ALTINO;1
2024;ANTERO VILA VELHA;1
2024;ARMAC;30
2024;ARTEC;6
2024;ASSAR;7
2024;ASSIS MAQUINAS;8
2024;AUTO NOVA;1
2024;BARRA DE SAO FRANCISCO;2
2024;BENETECH;2
2024;BERTOLINI;11
2024;BIOPETRO;1
2024;BORPLAST;3
2024;BRAMETAL;171
2024;BRAS EQUIPAMENTOS;1
2024;BRUNO;2
2024;CENTRO AVANTI;4
2024;CIDADE ENGENHARIA;38
2024;COFFE & GRILL;3
2024;COLATINA;1
2024;COLETA AMBIENTAL;2
2024;CRANFOS;1
2024;DECOMAQUINAS;1
2024;DECOTE;1
2024;EDB;2
2024;EQUIMAQ;1
2024;EQUIPO;1
2024;ESTEL SERVICOS;21
2024;EUNAPOLIS;2
2024;FAIR;1
2024;FGB MAT CONSTRUCAO;2
2024;FLEXMADE;1
2024;FLUXCENTER;21
2024;FORTE INDUSTRIA;2
2024;FUNDAFF;49
2024;GABRIEL CACAMBA;1
2024;GESSIMAR;1
2024;GMAC;1
2024;GORDIM TERRAPLANAGEM MANTENA;1
2024;GRUPO ITATIAIA;25
2024;GS MAQUINAS;7
2024;GUARAPARI;2
2024;GWS SERVICOS;6
2024;HIAGO VILA VALERIO;1
2024;HIDRAUMOURA;1
2024;HIPERCROMO;8
2024;HS;3
2024;ICAR ENGENHARIA;4
2024;IUNA;2
2024;JHF CAUS;68
2024;JJ GUASTI;5
2024;JT MANUTENCAO;1
2024;KAYROS;15
2024;LENO HIDRAULICA;1
2024;LOCKIN CONSTRUTORA;8
2024;LOCMAR;2
2024;LOCTAINER;4
2024;LOG TRANSPORTES;3
2024;LUCAS MUCK;1
2024;MAICON GUARAPARI;1
2024;MARBRASA;8
2024;MATRICIAL;15
2024;MAZINHO;1
2024;METALUSI PAULO;30
2024;MOREIRA TRANSPORTES;5
2024;MP CONSTRUCAO;3
2024;NELIO;1
2024;NEW PECAS;8
2024;PERFILADOS RIO DOCE;12
2024;PLAMONT;3
2024;PREFEITURA DE IRUPI;3
2024;RDM MINERACAO;1
2024;REI DOS CARDANS;3
2024;RIP ENGENHARIA;21
2024;SAFE EMPILHADEIRA;3
2024;SANDRO SFI;3
2024;SANTA TEREZA;1
2024;SAO SEBASTIAO GRANITO;1
2024;SEALTECNICA;3
2024;SERRABETUME;10
2024;SERVIMAQ;3
2024;SERVIMEC;3
2024;SERVITEC;5
2024;SISTERMI;6
2024;SS NAVAL;2
2024;STARPACK;1
2024;SWAT;13
2024;THIAGO;1
2024;TONINHO MUCK;1
2024;TRANSFRITZ;10
2024;TRANSMANO;1
2024;TRANSUICA;4
2024;TRUCK SHOW;6
2024;TULIO MANTENOPOLIS;5
2024;ULTRAMAN;4
2024;UNIAO PECAS;4
2024;VIA BRAS;5
2024;VITORIA INDUSTRIAL;1
2024;VITORIA MAQUINAS;2
2024;VIX;1
2024;VSC TRANSPORTES;52
2024;WASHIGTON;2
2024;ZEMAXLOG;7
2024;ZILMAR;8
2025;ADELSON;1
2025;ADIESEL;2
2025;AJR SERVI?OS;8
2025;AMBIENTAR;4
2025;ANDRADE MINERACAO;8
2025;APGAU;1
2025;ARMAC;33
2025;ATACADO LAVINGOLE;1
2025;ATITUDE LOCACAO;1
2025;ATLAS ENG;1
2025;BRAMETAL;3
2025;BARRA DE SAO FRANCISCO;1
2025;BENETECH;4
2025;BERTOLINI;2
2025;BIG FLEX;1
2025;BIOPETRO;8
2025;BRENDO;5
2025;BUTIMAQUINAS;4
2025;CAPIXABA TERMINAIS;1
2025;CARDAN SERRA;3
2025;CIDADE ENGENHARIA;17
2025;CONSTEC;10
2025;CORRETA AMBIENTAL;4
2025;COUROS PARK;1
2025;CRAFT ENGENHARIA;2
2025;DIACO;2
2025;ENGTEC;2
2025;EQUIPO;6
2025;ESTEL SERVICOS;17
2025;FELIPE;2
2025;FERRAZ BRASIL;6
2025;FF TRANSPORTES;1
2025;FLUXCENTER;47
2025;FORTE BOI;3
2025;FUNDAFF;16
2025;GALPAO SERVICE;5
2025;GBJ MECANICA;1
2025;GENEROSO;1
2025;GRUPO ITATIAIA;19
2025;GS MAQUINAS;4
2025;GUARATEC;2
2025;GWS SERVI?OS;14
2025;HC HIDRAULICA;1
2025;HELIVELTON BM HIDRAULICA;15
2025;HELP CAR;3
2025;HIDRAUMOURA;1
2025;HIPERCROMO;2
2025;INJETECH;1
2025;JAMAL;2
2025;JHF CAUS;40
2025;JHON MANUTENCAO;1
2025;JHONATAN GUARAPARI;1
2025;JM CONSTRUCAO;2
2025;JOAO MUCK;4
2025;JUNIOR;3
2025;JUNIOR HIDRAULICA;3
2025;LAERTE NOVA VENECIA;5
2025;LOCKIN CONSTRUTORA;6
2025;LOCPESO;2
2025;LOCVIX;3
2025;LUBIANO;1
2025;LUCAS - SANTA TERESA;1
2025;LUCAS MUCK;5
2025;LUCIANO GUARAPARI;4
2025;MANECO;1
2025;MANTENA;1
2025;MATRICIAL;1
2025;METALUSI PAULO;4
2025;MICAEL;4
2025;MIXGAS;1
2025;MM TERRAPLANAGEM;1
2025;MMA;2
2025;MOREIRA TRANSPORTES;2
2025;MP CONSTRUCAO;3
2025;MULTISERVICE;1
2025;NEW PECAS;19
2025;ORMEC;1
2025;OTS PRE MOLDADOS;2
2025;PELICANO;1
2025;PERC;2
2025;PERFILADOS RIO DOCE;10
2025;POLIMIX;12
2025;POWER MAQUINAS;28
2025;PREFEITURA DE ITARANA;2
2025;PRIME MINERACAO;3
2025;PROJEVIT;2
2025;PS AMORIM;9
2025;RDM MINERACAO;9
2025;RECIFER;2
2025;REI DOS CARDANS;1
2025;RIP ENGENHARIA;25
2025;RIVIERA ENTULHOS;1
2025;ROG?RIO TIMBUI;3
2025;SANEAMENTO UNIAO;2
2025;SEAL TECNICA;3
2025;SERRABETUME;3
2025;SERRALHEIRIA PINDA;1
2025;SFI SANDRO;3
2025;SISTERMI;20
2025;SS NAVAL;1
2025;STALH ENG;1
2025;SWAT;3
2025;TERMINAL PORTUARIO PEIU - ASSIS;5
2025;TRANSFRITZ;6
2025;TRANSMANO;3
2025;TRANSPESO NALDO;6
2025;TRANSUICA;12
2025;UNILAJES;1
2025;VIA FORTE;1
2025;VITORIA INDUSTRIAL;13
2025;VIXGAS;1
2025;VSC TRANSPORTES;36
2025;WESLEY BARRA DE SAO FRANCISCO;1

